{
  "project_info": {
    "project_number": "437872894942",
    "firebase_url": "https://rent-and-share-bikes-f467e.firebaseio.com",
    "project_id": "rent-and-share-bikes-f467e",
    "storage_bucket": "rent-and-share-bikes-f467e.appspot.com"
  },
  "client": [
    {
      "client_info": {
        "mobilesdk_app_id": "1:437872894942:android:3641a100b334aed6caf34f",
        "android_client_info": {
          "package_name": "com.example.rentandsharebikes"
        }
      },
      "oauth_client": [
        {
          "client_id": "437872894942-sjkp598p68msetmbg0co3fdu43qriqna.apps.googleusercontent.com",
          "client_type": 1,
          "android_info": {
            "package_name": "com.example.rentandsharebikes",
            "certificate_hash": "592a2784a461f3bbce5e95a91b321be30cd6bc78"
          }
        },
        {
          "client_id": "437872894942-mf3gahpiip8smtopflkap5p448tpncss.apps.googleusercontent.com",
          "client_type": 3
        }
      ],
      "api_key": [
        {
          "current_key": "AIzaSyBP_XKYhBS-aL8liZcthIEWFkAef0a5gOg"
        }
      ],
      "services": {
        "appinvite_service": {
          "other_platform_oauth_client": [
            {
              "client_id": "437872894942-mf3gahpiip8smtopflkap5p448tpncss.apps.googleusercontent.com",
              "client_type": 3
            }
          ]
        }
      }
    }
  ],
  "configuration_version": "1"
}